"","Consensus_area","Bioregion","Hb","Hc"
"1","D1CA0","Chacoan subregion","2.7552","62.2827"
"2","D1CA0","Chacoan dominion","0.0283","0.4367"
"3","D1CA0","Parana dominion","15.0969","61.8459"
"4","D1CA0","Cerrado province","0.0723","0.4367"
"5","D1CA0","Atlantic province","29.1312","27.3947"
"6","D1CA0","Parana Forest province","13.5301","34.4512"
"7","D1CA1","Brazilian subregion","2.7633","99.9427"
"8","D1CA1","Pacific dominion","2.2106","13.0056"
"9","D1CA1","Boreal Brazilian dominion","6.5","86.9371"
"10","D1CA1","Sabana province","7.1688","13.0056"
"11","D1CA1","Pantepui province","21.4715","46.2972"
"12","D1CA1","Imerí province","9.9661","40.6466"
"13","D1CA2","Chacoan subregion","3.6293","97.9155"
"14","D1CA2","Chacoan dominion","0.6379","11.7409"
"15","D1CA2","Parana dominion","17.6266","86.1798"
"16","D1CA2","Cerrado province","1.6297","11.7409"
"17","D1CA2","Atlantic province","20.8389","23.3882"
"18","D1CA2","Parana Forest province","20.7022","62.9121"
"19","D1CA3","Chacoan subregion","2.7248","77.3733"
"20","D1CA3","Chacoan dominion","0.1141","2.2104"
"21","D1CA3","Parana dominion","14.6061","75.1629"
"22","D1CA3","Cerrado province","0.2915","2.2104"
"23","D1CA3","Atlantic province","27.1874","32.116"
"24","D1CA3","Parana Forest province","13.4978","43.173"
"25","D1CA4","Brazilian subregion","1.5966","67.9641"
"26","D1CA4","Boreal Brazilian dominion","4.3175","67.9641"
"27","D1CA4","Roraima province","0.0116","0.0337"
"28","D1CA4","Guianan Lowlands province","27.0821","67.9304"
"29","D1CA5","Chacoan subregion","1.0492","73.9093"
"30","D1CA5","Chacoan dominion","0.0074","0.3557"
"31","D1CA5","Parana dominion","5.7619","73.5536"
"32","D1CA5","Cerrado province","0.0189","0.3557"
"33","D1CA5","Atlantic province","10.4518","30.6275"
"34","D1CA5","Parana Forest province","5.4101","42.9261"
"35","D1CA6","Chacoan subregion","1.1563","99.9205"
"36","D1CA6","Chacoan dominion","1.1362","66.9807"
"37","D1CA6","Parana dominion","2.1079","33.0091"
"38","D1CA6","Caatinga province","7.3134","65.9972"
"39","D1CA6","Cerrado province","0.0426","0.9835"
"40","D1CA6","Parana Forest province","3.3913","33.0091"
"41","D1CA7","Brazilian subregion","0.969","100"
"42","D1CA7","Boreal Brazilian dominion","1.7095","65.2383"
"43","D1CA7","South Brazilian dominion","0.9183","34.7617"
"44","D1CA7","Roraima province","7.8988","55.6101"
"45","D1CA7","Madeira province","2.0988","34.7617"
"46","D1CA7","Imerí province","0.8274","9.6282"
"47","D1CA8","Chacoan subregion","1.1236","64.7181"
"48","D1CA8","Parana dominion","6.2004","64.7181"
"49","D1CA8","Atlantic province","14.9583","35.8403"
"50","D1CA8","Parana Forest province","4.4512","28.8778"
"51","D1CA9","Chacoan subregion","0.919","63.3512"
"52","D1CA9","Parana dominion","5.0711","63.3512"
"53","D1CA9","Atlantic province","15.5967","44.7273"
"54","D1CA9","Parana Forest province","2.4379","18.9302"
"55","D2CA0","Chacoan subregion","33.5707","70.5911"
"56","D2CA0","Brazilian subregion","1.7917","4.6319"
"57","D2CA0","Chacoan dominion","35.8367","51.4087"
"58","D2CA0","Boreal Brazilian dominion","4.8451","4.6319"
"59","D2CA0","Parana dominion","50.0655","19.0781"
"60","D2CA0","South-eastern Amazonian dominion","0.3746","0.1076"
"61","D2CA0","Caatinga province","100","21.9592"
"62","D2CA0","Cerrado province","52.4464","29.4496"
"63","D2CA0","Pará province","44.559","4.6319"
"64","D2CA0","Araucaria Forest province","0.3993","0.0227"
"65","D2CA0","Xingu-Tapajós province","0.3746","0.1076"
"66","D2CA0","Atlantic province","87.5366","7.6572"
"67","D2CA0","Parana Forest province","48.1642","11.4078"
"68","D2CA1","Chacoan subregion","10.3568","85.7632"
"69","D2CA1","Chacoan dominion","5.795","32.7378"
"70","D2CA1","Parana dominion","35.3368","53.0285"
"71","D2CA1","Cerrado province","14.8048","32.7378"
"72","D2CA1","Araucaria Forest province","19.9504","4.466"
"73","D2CA1","Atlantic province","37.72","12.9938"
"74","D2CA1","Parana Forest province","38.1732","35.6057"
"75","D2CA10","Brazilian subregion","3.0016","67.848"
"76","D2CA10","Boreal Brazilian dominion","8.1168","67.848"
"77","D2CA10","Roraima province","10.0566","15.5084"
"78","D2CA10","Guianan Lowlands province","39.2962","52.3397"
"79","D2CA11","Chacoan subregion","36.7543","80.1057"
"80","D2CA11","Brazilian subregion","5.2392","14.0382"
"81","D2CA11","Chacoan dominion","32.3622","48.1184"
"82","D2CA11","Parana dominion","75.0088","29.6261"
"83","D2CA11","South-eastern Amazonian dominion","7.9486","2.3664"
"84","D2CA11","South Brazilian dominion","14.2821","14.0382"
"85","D2CA11","Caatinga province","11.4086","2.5966"
"86","D2CA11","Cerrado province","72.4557","42.1698"
"87","D2CA11","Araucaria Forest province","46.5913","2.7451"
"88","D2CA11","Xingu-Tapajós province","7.9486","2.3664"
"89","D2CA11","Atlantic province","61.448","5.5713"
"90","D2CA11","Chacoan province","10.011","3.3585"
"91","D2CA11","Madeira province","3.5904","1.5441"
"92","D2CA11","Rondônia province","30.8363","12.4943"
"93","D2CA11","Parana Forest province","86.8469","21.3204"
"94","D2CA12","Brazilian subregion","4.4082","46.2052"
"95","D2CA12","Mexican Transition Zone","31.6565","18.5888"
"96","D2CA12","Mesoamerican dominion","43.7758","46.2052"
"97","D2CA12","Pacific Lowlands province","21.7612","7.0089"
"98","D2CA12","Transmexican Volcanic Belt province","31.4302","2.8356"
"99","D2CA12","Balsas Basin province","21.0004","1.4002"
"100","D2CA12","Sierra Madre del Sur province","93.3163","6.9201"
"101","D2CA12","Yucatán Peninsula province","58.5649","8.8859"
"102","D2CA12","Veracruzan province","74.6728","25.7741"
"103","D2CA12","Chiapas Highlands province","80.131","8.8331"
"104","D2CA12","Mosquito province","18.4632","3.1359"
"105","D2CA13","Chacoan subregion","4.9601","61.664"
"106","D2CA13","Chacoan dominion","0.4877","4.1365"
"107","D2CA13","Parana dominion","25.5345","57.5275"
"108","D2CA13","Cerrado province","1.1937","3.963"
"109","D2CA13","Araucaria Forest province","45.2688","15.2136"
"110","D2CA13","Atlantic province","36.9114","19.0894"
"111","D2CA13","Pampean province","0.089","0.1735"
"112","D2CA13","Parana Forest province","16.5868","23.2269"
"113","D2CA14","Brazilian subregion","5.8729","63.2375"
"114","D2CA14","South American Transition Zone","1.5773","2.8909"
"115","D2CA14","Pacific dominion","36.1029","63.2375"
"116","D2CA14","Chocó-Darién province","11.8762","1.1005"
"117","D2CA14","Guajira province","100","19.6367"
"118","D2CA14","Venezuelan province","78.4605","9.463"
"119","D2CA14","Sabana province","25.4463","13.744"
"120","D2CA14","Magdalena province","64.9836","16.7872"
"121","D2CA14","Cauca province","10.0194","2.5079"
"122","D2CA14","Paramo province","25.1383","2.8909"
"123","D2CA15","Chacoan subregion","13.6275","73.4483"
"124","D2CA15","Chacoan dominion","5.4981","20.2161"
"125","D2CA15","Parana dominion","54.5059","53.2375"
"126","D2CA15","Caatinga province","14.6761","8.2605"
"127","D2CA15","Cerrado province","8.3068","11.9556"
"128","D2CA15","Araucaria Forest province","36.9352","5.3815"
"129","D2CA15","Atlantic province","78.5715","17.6166"
"130","D2CA15","Parana Forest province","49.8508","30.264"
"131","D2CA16","Brazilian subregion","22.3425","92.5642"
"132","D2CA16","South American Transition Zone","9.9116","6.9895"
"133","D2CA16","South Brazilian dominion","39.9516","60.7176"
"134","D2CA16","Pacific dominion","10.2557","6.9117"
"135","D2CA16","Boreal Brazilian dominion","16.276","24.9363"
"136","D2CA16","Madeira province","14.2906","9.5025"
"137","D2CA16","Rondônia province","56.6254","35.4749"
"138","D2CA16","Ucayali province","100","9.0745"
"139","D2CA16","Yungas province","48.4571","6.6716"
"140","D2CA16","Puna province","12.6907","3.2554"
"141","D2CA16","Desert province","16.6774","1.2434"
"142","D2CA16","Ecuadorian province","0.0646","0.0013"
"143","D2CA16","Western Ecuador province","8.6623","0.256"
"144","D2CA16","Chocó-Darién province","4.4094","0.1572"
"145","D2CA16","Sabana province","1.6999","0.3533"
"146","D2CA16","Imerí province","26.7039","12.4758"
"147","D2CA16","Magdalena province","15.0016","1.4911"
"148","D2CA16","Napo province","100","12.4605"
"149","D2CA16","Cauca province","48.3127","4.6529"
"150","D2CA16","Paramo province","56.2961","2.491"
"151","D2CA17","Brazilian subregion","4.4447","73.6677"
"152","D2CA17","South American Transition Zone","2.3978","6.7646"
"153","D2CA17","Pacific dominion","27.3232","73.6677"
"154","D2CA17","Chocó-Darién province","24.0776","3.4344"
"155","D2CA17","Guajira province","72.6533","21.9602"
"156","D2CA17","Sabana province","6.6438","5.5235"
"157","D2CA17","Magdalena province","84.877","33.7502"
"158","D2CA17","Cauca province","23.3672","9.0031"
"159","D2CA17","Paramo province","38.2147","6.7646"
"160","D2CA18","Chacoan subregion","6.9054","7.5471"
"161","D2CA18","Brazilian subregion","63.9851","85.974"
"162","D2CA18","South American Transition Zone","2.286","0.5228"
"163","D2CA18","Chacoan dominion","0.115","0.0858"
"164","D2CA18","Boreal Brazilian dominion","91.9698","45.6989"
"165","D2CA18","South-eastern Amazonian dominion","49.9782","7.4613"
"166","D2CA18","South Brazilian dominion","67.8398","33.4381"
"167","D2CA18","Pacific dominion","31.2854","6.8382"
"168","D2CA18","Cerrado province","0.2938","0.0858"
"169","D2CA18","Pará province","47.9719","2.5919"
"170","D2CA18","Xingu-Tapajós province","49.9782","7.4613"
"171","D2CA18","Roraima province","100","9.1669"
"172","D2CA18","Guianan Lowlands province","100","7.9175"
"173","D2CA18","Madeira province","93.9629","20.2638"
"174","D2CA18","Rondônia province","52.4569","10.6583"
"175","D2CA18","Ucayali province","73.6428","2.1674"
"176","D2CA18","Yungas province","7.8205","0.3492"
"177","D2CA18","Puna province","4.1623","0.3463"
"178","D2CA18","Desert province","1.703","0.0412"
"179","D2CA18","Ecuadorian province","0.0646","4e-04"
"180","D2CA18","Guajira province","12.8745","0.3155"
"181","D2CA18","Venezuelan province","44.9374","0.6763"
"182","D2CA18","Sabana province","82.6821","5.5727"
"183","D2CA18","Pantepui province","100","8.0106"
"184","D2CA18","Imerí province","99.9435","15.1435"
"185","D2CA18","Magdalena province","1.7231","0.0555"
"186","D2CA18","Napo province","71.0345","2.8706"
"187","D2CA18","Cauca province","6.9712","0.2177"
"188","D2CA18","Paramo province","9.4319","0.1354"
"189","D2CA19","Chacoan subregion","8.6116","99.4973"
"190","D2CA19","Chacoan dominion","9.7219","76.6297"
"191","D2CA19","Parana dominion","10.9267","22.8783"
"192","D2CA19","Caatinga province","37.4265","45.1578"
"193","D2CA19","Cerrado province","10.2005","31.4719"
"194","D2CA19","Atlantic province","9.2131","4.4282"
"195","D2CA19","Parana Forest province","14.1775","18.4508"
"196","D2CA2","Chacoan subregion","6.1395","64.6961"
"197","D2CA2","Brazilian subregion","2.3281","30.1614"
"198","D2CA2","Chacoan dominion","8.5424","61.4105"
"199","D2CA2","Boreal Brazilian dominion","6.2956","30.1614"
"200","D2CA2","South-eastern Amazonian dominion","2.2826","3.2856"
"201","D2CA2","Caatinga province","21.8493","24.0442"
"202","D2CA2","Cerrado province","13.2791","37.3669"
"203","D2CA2","Pará province","57.8994","30.1614"
"204","D2CA2","Xingu-Tapajós province","2.2826","3.2856"
"205","D2CA20","Chacoan subregion","1.0068","2.6399"
"206","D2CA20","Brazilian subregion","27.6323","89.0809"
"207","D2CA20","South American Transition Zone","14.4509","7.9297"
"208","D2CA20","Chacoan dominion","1.4757","2.6399"
"209","D2CA20","South Brazilian dominion","59.9669","70.9168"
"210","D2CA20","Pacific dominion","6.478","3.3972"
"211","D2CA20","Boreal Brazilian dominion","12.3874","14.768"
"212","D2CA20","Cerrado province","0.3117","0.2183"
"213","D2CA20","Chacoan province","5.9998","2.4217"
"214","D2CA20","Madeira province","29.0244","15.0178"
"215","D2CA20","Rondônia province","82.6824","40.3069"
"216","D2CA20","Ucayali province","100","7.0612"
"217","D2CA20","Yungas province","79.6838","8.5369"
"218","D2CA20","Puna province","26.6515","5.3199"
"219","D2CA20","Desert province","20.4356","1.1855"
"220","D2CA20","Ecuadorian province","0.0646","0.001"
"221","D2CA20","Western Ecuador province","8.6623","0.1992"
"222","D2CA20","Chocó-Darién province","3.5091","0.0974"
"223","D2CA20","Imerí province","13.9665","5.0774"
"224","D2CA20","Magdalena province","1.2733","0.0985"
"225","D2CA20","Napo province","99.9449","9.6906"
"226","D2CA20","Cauca province","40.0463","3.0011"
"227","D2CA20","Paramo province","41.3729","1.4245"
"228","D2CA21","Chacoan subregion","3.3819","61.1607"
"229","D2CA21","Chacoan dominion","0.2488","3.0694"
"230","D2CA21","Parana dominion","17.7251","58.0914"
"231","D2CA21","Cerrado province","0.5833","2.817"
"232","D2CA21","Araucaria Forest province","44.3491","21.6816"
"233","D2CA21","Atlantic province","30.5012","22.9468"
"234","D2CA21","Pampean province","0.089","0.2524"
"235","D2CA21","Parana Forest province","6.6107","13.4664"
"236","D2CA22","Brazilian subregion","3.3677","76.2024"
"237","D2CA22","South American Transition Zone","1.7691","6.8136"
"238","D2CA22","Pacific dominion","18.6531","68.6579"
"239","D2CA22","Boreal Brazilian dominion","0.9017","7.5454"
"240","D2CA22","Chocó-Darién province","56.514","11.0049"
"241","D2CA22","Sabana province","3.1509","3.5763"
"242","D2CA22","Imerí province","2.9424","7.5079"
"243","D2CA22","Magdalena province","65.6418","35.6338"
"244","D2CA22","Napo province","0.0551","0.0375"
"245","D2CA22","Cauca province","35.0697","18.4465"
"246","D2CA22","Paramo province","28.1948","6.8136"
"247","D2CA23","Brazilian subregion","2.7681","100.0004"
"248","D2CA23","Boreal Brazilian dominion","4.2169","56.336"
"249","D2CA23","South Brazilian dominion","3.2949","43.6644"
"250","D2CA23","Roraima province","15.0653","37.1308"
"251","D2CA23","Madeira province","7.5306","43.6644"
"252","D2CA23","Imerí province","4.7143","19.2052"
"253","D2CA24","Chacoan subregion","14.8999","92.1746"
"254","D2CA24","Chacoan dominion","6.4088","27.0471"
"255","D2CA24","Parana dominion","58.0973","65.1316"
"256","D2CA24","Cerrado province","6.1866","10.2201"
"257","D2CA24","Araucaria Forest province","84.6856","14.1622"
"258","D2CA24","Atlantic province","30.0505","7.7334"
"259","D2CA24","Pampean province","7.5171","7.2941"
"260","D2CA24","Chacoan province","10.0113","9.5329"
"261","D2CA24","Parana Forest province","62.0518","43.2384"
"262","D2CA25","Brazilian subregion","4.9707","99.9628"
"263","D2CA25","Boreal Brazilian dominion","10.3068","76.6509"
"264","D2CA25","Pacific dominion","7.1275","23.3166"
"265","D2CA25","Guianan Lowlands province","0.0203","0.0241"
"266","D2CA25","Sabana province","23.1144","23.3166"
"267","D2CA25","Pantepui province","30.4455","36.5021"
"268","D2CA25","Imerí province","17.6949","40.1284"
"269","D2CA26","Brazilian subregion","2.8137","73.1337"
"270","D2CA26","South American Transition Zone","1.0373","4.5894"
"271","D2CA26","Pacific dominion","17.2968","73.1337"
"272","D2CA26","Chocó-Darién province","51.1409","11.4395"
"273","D2CA26","Guajira province","8.8321","4.1865"
"274","D2CA26","Sabana province","1.4509","1.8917"
"275","D2CA26","Magdalena province","75.3625","46.9945"
"276","D2CA26","Cauca province","10.0194","6.0539"
"277","D2CA26","Paramo province","16.5324","4.5894"
"278","D2CA26","Guatuso-Talamanca province","14.1352","2.57"
"279","D2CA27","Chacoan subregion","3.6164","39.82"
"280","D2CA27","Brazilian subregion","4.4259","59.9131"
"281","D2CA27","South American Transition Zone","0.1152","0.2655"
"282","D2CA27","Chacoan dominion","5.301","39.82"
"283","D2CA27","South Brazilian dominion","12.0652","59.9131"
"284","D2CA27","Cerrado province","2.0878","6.1389"
"285","D2CA27","Chacoan province","19.8726","33.6811"
"286","D2CA27","Madeira province","0.5895","1.2808"
"287","D2CA27","Rondônia province","26.7172","54.69"
"288","D2CA27","Yungas province","8.7633","3.9423"
"289","D2CA27","Puna province","0.3168","0.2655"
"290","D2CA3","Brazilian subregion","6.6983","93.4749"
"291","D2CA3","Boreal Brazilian dominion","15.5163","80.0741"
"292","D2CA3","Pacific dominion","5.9054","13.4057"
"293","D2CA3","Roraima province","1.5609","1.4861"
"294","D2CA3","Guianan Lowlands province","43.9646","36.1523"
"295","D2CA3","Venezuelan province","9.9095","1.5489"
"296","D2CA3","Sabana province","16.9385","11.8569"
"297","D2CA3","Pantepui province","51.0126","42.4408"
"298","D2CA4","Chacoan subregion","8.6235","45.2969"
"299","D2CA4","Brazilian subregion","7.9235","51.1684"
"300","D2CA4","Chacoan dominion","2.2564","8.0859"
"301","D2CA4","Boreal Brazilian dominion","17.3807","41.507"
"302","D2CA4","South-eastern Amazonian dominion","51.8617","37.2114"
"303","D2CA4","South Brazilian dominion","4.0784","9.6614"
"304","D2CA4","Cerrado province","5.7646","8.0859"
"305","D2CA4","Pará province","61.9103","16.0761"
"306","D2CA4","Xingu-Tapajós province","51.8617","37.2114"
"307","D2CA4","Roraima province","54.9166","24.1948"
"308","D2CA4","Guianan Lowlands province","3.2486","1.2362"
"309","D2CA4","Madeira province","9.3215","9.6614"
"310","D2CA5","Chacoan subregion","7.8319","98.6699"
"311","D2CA5","Chacoan dominion","6.9421","59.6658"
"312","D2CA5","Parana dominion","17.0894","39.0168"
"313","D2CA5","Caatinga province","29.0218","38.1829"
"314","D2CA5","Cerrado province","6.3856","21.4829"
"315","D2CA5","Atlantic province","18.4636","9.6767"
"316","D2CA5","Parana Forest province","20.6762","29.3411"
"317","D2CA6","Chacoan subregion","25.9389","80.1568"
"318","D2CA6","Brazilian subregion","1.1149","4.2358"
"319","D2CA6","Chacoan dominion","26.7743","56.4449"
"320","D2CA6","Boreal Brazilian dominion","3.015","4.2358"
"321","D2CA6","Parana dominion","42.3507","23.7168"
"322","D2CA6","Caatinga province","94.9442","30.6396"
"323","D2CA6","Cerrado province","31.2715","25.8054"
"324","D2CA6","Pará province","27.728","4.2358"
"325","D2CA6","Atlantic province","67.6567","8.6974"
"326","D2CA6","Parana Forest province","43.1897","15.0334"
"327","D2CA7","Chacoan subregion","10.5796","9.3678"
"328","D2CA7","Brazilian subregion","74.6852","81.3017"
"329","D2CA7","South American Transition Zone","7.8464","1.4539"
"330","D2CA7","Antillean subregion","0.0194","5e-04"
"331","D2CA7","Chacoan dominion","2.0817","1.2575"
"332","D2CA7","Boreal Brazilian dominion","92.8721","37.3872"
"333","D2CA7","South-eastern Amazonian dominion","67.0543","8.1103"
"334","D2CA7","South Brazilian dominion","83.0158","33.1509"
"335","D2CA7","Pacific dominion","60.7887","10.7646"
"336","D2CA7","Cerrado province","5.2863","1.25"
"337","D2CA7","Pará province","47.9719","2.0998"
"338","D2CA7","Xingu-Tapajós province","67.0543","8.1103"
"339","D2CA7","Roraima province","100","7.4268"
"340","D2CA7","Guianan Lowlands province","100","6.4146"
"341","D2CA7","Chacoan province","0.0551","0.0075"
"342","D2CA7","Madeira province","99.7962","17.4363"
"343","D2CA7","Rondônia province","75.0553","12.3551"
"344","D2CA7","Ucayali province","87.3611","2.083"
"345","D2CA7","Yungas province","35.3303","1.2781"
"346","D2CA7","Puna province","8.5721","0.5778"
"347","D2CA7","Desert province","4.9651","0.0973"
"348","D2CA7","Ecuadorian province","0.0646","3e-04"
"349","D2CA7","Chocó-Darién province","24.9779","0.234"
"350","D2CA7","Guajira province","46.2892","0.9189"
"351","D2CA7","Venezuelan province","55.869","0.6812"
"352","D2CA7","Sabana province","100","5.4605"
"353","D2CA7","Trinidad province","100","0.0564"
"354","D2CA7","Pantepui province","100","6.4899"
"355","D2CA7","Imerí province","100","12.2757"
"356","D2CA7","Magdalena province","98.9233","2.5835"
"357","D2CA7","Napo province","81.9171","2.682"
"358","D2CA7","Cauca province","32.7958","0.8299"
"359","D2CA7","Paramo province","66.9873","0.7788"
"360","D2CA7","Lesser Antilles province","0.704","5e-04"
"361","D2CA8","Chacoan subregion","4.019","67.7854"
"362","D2CA8","Chacoan dominion","2.5725","29.5999"
"363","D2CA8","Parana dominion","12.4966","38.196"
"364","D2CA8","Caatinga province","14.6761","25.8497"
"365","D2CA8","Cerrado province","0.8326","3.7502"
"366","D2CA8","Atlantic province","22.0349","15.4604"
"367","D2CA8","Parana Forest province","11.9681","22.7369"
"368","D2CA9","Chacoan subregion","13.4008","73.227"
"369","D2CA9","Chacoan dominion","9.3983","35.0355"
"370","D2CA9","Parana dominion","38.5756","38.1998"
"371","D2CA9","Caatinga province","40.4512","23.0834"
"372","D2CA9","Cerrado province","8.1908","11.9521"
"373","D2CA9","Atlantic province","65.9433","14.99"
"374","D2CA9","Parana Forest province","37.7489","23.2345"
"375","D3CA0","Chacoan subregion","14.5285","10.8662"
"376","D3CA0","Brazilian subregion","81.7641","75.1822"
"377","D3CA0","South American Transition Zone","16.1253","2.5238"
"378","D3CA0","Antillean subregion","0.1654","0.0037"
"379","D3CA0","Chacoan dominion","4.8224","2.4606"
"380","D3CA0","Boreal Brazilian dominion","98.4823","33.4875"
"381","D3CA0","South-eastern Amazonian dominion","82.2756","8.4056"
"382","D3CA0","South Brazilian dominion","90.8492","30.6438"
"383","D3CA0","Pacific dominion","73.8861","11.0516"
"384","D3CA0","Cerrado province","11.3048","2.2578"
"385","D3CA0","Pará province","86.2649","3.1895"
"386","D3CA0","Xingu-Tapajós province","82.2756","8.4056"
"387","D3CA0","Roraima province","100","6.2732"
"388","D3CA0","Guianan Lowlands province","100","5.4182"
"389","D3CA0","Chacoan province","1.761","0.2027"
"390","D3CA0","Madeira province","100","14.758"
"391","D3CA0","Rondônia province","84.1263","11.6972"
"392","D3CA0","Ucayali province","96.2901","1.9393"
"393","D3CA0","Yungas province","73.6568","2.2508"
"394","D3CA0","Puna province","19.571","1.1142"
"395","D3CA0","Desert province","33.5593","0.5553"
"396","D3CA0","Chocó-Darién province","89.9196","0.7116"
"397","D3CA0","Guajira province","78.6496","1.3188"
"398","D3CA0","Venezuelan province","84.4563","0.8698"
"399","D3CA0","Sabana province","100","4.6123"
"400","D3CA0","Trinidad province","100","0.0477"
"401","D3CA0","Pantepui province","100","5.4819"
"402","D3CA0","Imerí province","100","10.369"
"403","D3CA0","Magdalena province","100","2.206"
"404","D3CA0","Napo province","99.7026","2.7573"
"405","D3CA0","Cauca province","42.9827","0.9187"
"406","D3CA0","Paramo province","87.0126","0.8545"
"407","D3CA0","Puntarenas-Chiriquí province","15.9076","0.0967"
"408","D3CA0","Guatuso-Talamanca province","42.011","0.2702"
"409","D3CA0","Lesser Antilles province","5.9922","0.0037"
"410","D3CA1","Chacoan subregion","91.9919","26.3302"
"411","D3CA1","Brazilian subregion","99.8885","35.1492"
"412","D3CA1","South American Transition Zone","61.9603","3.7111"
"413","D3CA1","Mexican Transition Zone","84.2557","1.661"
"414","D3CA1","Antillean subregion","99.8564","0.8466"
"415","D3CA1","Chacoan dominion","88.2615","17.2343"
"416","D3CA1","Boreal Brazilian dominion","100","13.0129"
"417","D3CA1","Parana dominion","100","5.1869"
"418","D3CA1","South-eastern Amazonian dominion","100","3.9097"
"419","D3CA1","South Brazilian dominion","100","12.9083"
"420","D3CA1","Pacific dominion","99.3147","5.6849"
"421","D3CA1","Mesoamerican dominion","100","3.5435"
"422","D3CA1","Caatinga province","100","2.989"
"423","D3CA1","Cerrado province","100","7.6433"
"424","D3CA1","Pará province","100","1.4149"
"425","D3CA1","Araucaria Forest province","100","0.7737"
"426","D3CA1","Xingu-Tapajós province","100","3.9097"
"427","D3CA1","Atlantic province","100","1.1907"
"428","D3CA1","Roraima province","100","2.4007"
"429","D3CA1","Guianan Lowlands province","100","2.0735"
"430","D3CA1","Pampean province","52.1721","2.3423"
"431","D3CA1","Chacoan province","96.7087","4.2607"
"432","D3CA1","Madeira province","100","5.6478"
"433","D3CA1","Rondônia province","100","5.3211"
"434","D3CA1","Ucayali province","100","0.7707"
"435","D3CA1","Monte province","25.1165","0.4952"
"436","D3CA1","Prepuna province","9.7624","0.0393"
"437","D3CA1","Parana Forest province","100","3.224"
"438","D3CA1","Yungas province","100","1.1694"
"439","D3CA1","Puna province","97.92","2.1334"
"440","D3CA1","Atacaman province","19.7952","0.0847"
"441","D3CA1","Desert province","92.0413","0.5828"
"442","D3CA1","Ecuadorian province","100","0.1711"
"443","D3CA1","Western Ecuador province","100","0.251"
"444","D3CA1","Chocó-Darién province","100","0.3028"
"445","D3CA1","Guajira province","100","0.6417"
"446","D3CA1","Venezuelan province","100","0.3941"
"447","D3CA1","Sabana province","100","1.7651"
"448","D3CA1","Trinidad province","100","0.0182"
"449","D3CA1","Pantepui province","100","2.0979"
"450","D3CA1","Imerí province","100","3.9681"
"451","D3CA1","Magdalena province","100","0.8442"
"452","D3CA1","Napo province","100","1.0583"
"453","D3CA1","Cauca province","100","0.818"
"454","D3CA1","Paramo province","100","0.3758"
"455","D3CA1","Puntarenas-Chiriquí province","100","0.2326"
"456","D3CA1","Sierra Madre Occidental province","66.5309","0.617"
"457","D3CA1","Pacific Lowlands province","100","1.0813"
"458","D3CA1","Transmexican Volcanic Belt province","100","0.3029"
"459","D3CA1","Balsas Basin province","100","0.2238"
"460","D3CA1","Sierra Madre del Sur province","100","0.249"
"461","D3CA1","Sierra Madre Oriental province","100","0.1221"
"462","D3CA1","Yucatán Peninsula province","100","0.5094"
"463","D3CA1","Veracruzan province","100","1.1588"
"464","D3CA1","Chiapas Highlands province","100","0.3701"
"465","D3CA1","Guatuso-Talamanca province","100","0.2461"
"466","D3CA1","Jamaica province","100","0.0435"
"467","D3CA1","Bahama province","94.3551","0.0204"
"468","D3CA1","Cuban province","100","0.4203"
"469","D3CA1","Cayman Islands province","100","0.0017"
"470","D3CA1","Hispaniola province","100","0.3059"
"471","D3CA1","Puerto Rico province","100","0.0315"
"472","D3CA1","Lesser Antilles province","100","0.0234"
"473","D3CA1","Mosquito province","100","0.5702"
"474","D3CA10","Chacoan subregion","30.7498","81.9024"
"475","D3CA10","Chacoan dominion","24.5324","44.5772"
"476","D3CA10","Parana dominion","72.3216","34.9084"
"477","D3CA10","South-eastern Amazonian dominion","6.6557","2.4215"
"478","D3CA10","Caatinga province","10.3046","2.8662"
"479","D3CA10","Cerrado province","58.6437","41.7109"
"480","D3CA10","Araucaria Forest province","69.2545","4.9865"
"481","D3CA10","Xingu-Tapajós province","6.6557","2.4215"
"482","D3CA10","Atlantic province","73.8413","8.1817"
"483","D3CA10","Parana Forest province","72.5074","21.7532"
"484","D3CA11","Brazilian subregion","19.7581","83.8286"
"485","D3CA11","Boreal Brazilian dominion","43.9888","69.0177"
"486","D3CA11","Pacific dominion","21.4619","14.8124"
"487","D3CA11","Roraima province","43.4243","12.5694"
"488","D3CA11","Guianan Lowlands province","77.741","19.4356"
"489","D3CA11","Venezuelan province","83.9358","3.9888"
"490","D3CA11","Sabana province","50.8582","10.8236"
"491","D3CA11","Pantepui province","100","25.2942"
"492","D3CA11","Imerí province","24.4985","11.7211"
"493","D3CA12","Chacoan subregion","2.8608","4.1642"
"494","D3CA12","Brazilian subregion","52.6036","94.1358"
"495","D3CA12","South American Transition Zone","5.2874","1.6105"
"496","D3CA12","South-eastern Amazonian dominion","20.9431","4.1642"
"497","D3CA12","Boreal Brazilian dominion","77.3361","51.1792"
"498","D3CA12","South Brazilian dominion","59.9786","39.3735"
"499","D3CA12","Pacific dominion","12.3116","3.584"
"500","D3CA12","Xingu-Tapajós province","20.9431","4.1642"
"501","D3CA12","Roraima province","89.3575","10.9095"
"502","D3CA12","Guianan Lowlands province","48.2068","5.0833"
"503","D3CA12","Madeira province","80.6743","23.1713"
"504","D3CA12","Rondônia province","39.3668","10.6529"
"505","D3CA12","Ucayali province","95.8801","3.7582"
"506","D3CA12","Yungas province","30.1513","1.7931"
"507","D3CA12","Puna province","7.2283","0.8009"
"508","D3CA12","Desert province","7.3221","0.2358"
"509","D3CA12","Sabana province","38.4415","3.4507"
"510","D3CA12","Pantepui province","92.8087","9.9015"
"511","D3CA12","Imerí province","99.9437","20.1687"
"512","D3CA12","Magdalena province","1.7231","0.074"
"513","D3CA12","Napo province","95.0705","5.1169"
"514","D3CA12","Cauca province","1.4261","0.0593"
"515","D3CA12","Paramo province","30.0305","0.574"
"516","D3CA13","Brazilian subregion","7.0804","71.2629"
"517","D3CA13","South American Transition Zone","5.2589","9.0094"
"518","D3CA13","Pacific dominion","31.001","50.7567"
"519","D3CA13","Boreal Brazilian dominion","5.5096","20.507"
"520","D3CA13","Chocó-Darién province","81.8393","7.0887"
"521","D3CA13","Guajira province","23.0424","4.2294"
"522","D3CA13","Sabana province","10.5012","5.3017"
"523","D3CA13","Imerí province","7.6286","8.6584"
"524","D3CA13","Magdalena province","98.9233","23.8868"
"525","D3CA13","Napo province","39.1417","11.8487"
"526","D3CA13","Cauca province","42.9809","10.0562"
"527","D3CA13","Paramo province","83.8125","9.0094"
"528","D3CA13","Guatuso-Talamanca province","2.7764","0.1955"
"529","D3CA14","Chacoan subregion","2.8155","9.711"
"530","D3CA14","Brazilian subregion","21.2897","90.2755"
"531","D3CA14","Chacoan dominion","0.1829","0.4303"
"532","D3CA14","South-eastern Amazonian dominion","19.6984","9.2806"
"533","D3CA14","Boreal Brazilian dominion","27.9056","43.7587"
"534","D3CA14","South Brazilian dominion","29.9048","46.5169"
"535","D3CA14","Cerrado province","0.4672","0.4303"
"536","D3CA14","Xingu-Tapajós province","19.6984","9.2806"
"537","D3CA14","Roraima province","68.3127","19.7623"
"538","D3CA14","Guianan Lowlands province","30.1602","7.5359"
"539","D3CA14","Madeira province","61.3429","41.7485"
"540","D3CA14","Rondônia province","7.4372","4.7688"
"541","D3CA14","Pantepui province","27.0331","6.8339"
"542","D3CA14","Imerí province","20.1328","9.6269"
"543","D3CA15","Chacoan subregion","1.1766","4.5221"
"544","D3CA15","Brazilian subregion","20.2046","95.4656"
"545","D3CA15","South-eastern Amazonian dominion","8.6138","4.5221"
"546","D3CA15","Boreal Brazilian dominion","32.4836","56.7588"
"547","D3CA15","South Brazilian dominion","22.3317","38.7068"
"548","D3CA15","Xingu-Tapajós province","8.6138","4.5221"
"549","D3CA15","Roraima province","68.3127","22.0209"
"550","D3CA15","Guianan Lowlands province","30.1602","8.3972"
"551","D3CA15","Madeira province","50.9934","38.6711"
"552","D3CA15","Rondônia province","0.0499","0.0357"
"553","D3CA15","Pantepui province","27.0331","7.615"
"554","D3CA15","Imerí province","35.1457","18.7263"
"555","D3CA16","Chacoan subregion","14.1543","71.4879"
"556","D3CA16","Brazilian subregion","2.7756","17.2344"
"557","D3CA16","Chacoan dominion","18.2015","62.7148"
"558","D3CA16","Boreal Brazilian dominion","7.5056","17.2344"
"559","D3CA16","South-eastern Amazonian dominion","10.8998","7.5198"
"560","D3CA16","Parana dominion","1.3696","1.2536"
"561","D3CA16","Caatinga province","72.0053","37.9784"
"562","D3CA16","Cerrado province","18.341","24.7367"
"563","D3CA16","Pará province","69.027","17.2344"
"564","D3CA16","Xingu-Tapajós province","10.8998","7.5198"
"565","D3CA16","Atlantic province","5.9665","1.2536"
"566","D3CA17","Chacoan subregion","14.2493","15.8717"
"567","D3CA17","Brazilian subregion","57.8969","79.2835"
"568","D3CA17","South American Transition Zone","4.3952","1.0245"
"569","D3CA17","Chacoan dominion","3.081","2.3412"
"570","D3CA17","Boreal Brazilian dominion","77.3365","39.1637"
"571","D3CA17","South-eastern Amazonian dominion","88.9293","13.5307"
"572","D3CA17","South Brazilian dominion","79.7765","40.0748"
"573","D3CA17","Pacific dominion","0.2038","0.0454"
"574","D3CA17","Cerrado province","7.871","2.3412"
"575","D3CA17","Pará province","61.4782","3.3852"
"576","D3CA17","Xingu-Tapajós province","88.9293","13.5307"
"577","D3CA17","Roraima province","98.021","9.1576"
"578","D3CA17","Guianan Lowlands province","84.3606","6.8072"
"579","D3CA17","Madeira province","100","21.9788"
"580","D3CA17","Rondônia province","70.4005","14.5781"
"581","D3CA17","Ucayali province","95.2428","2.8567"
"582","D3CA17","Yungas province","14.5631","0.6627"
"583","D3CA17","Puna province","6.5748","0.5575"
"584","D3CA17","Desert province","7.2277","0.1781"
"585","D3CA17","Pantepui province","62.8944","5.1347"
"586","D3CA17","Imerí province","69.8178","10.7814"
"587","D3CA17","Napo province","94.6483","3.8982"
"588","D3CA17","Cauca province","1.4261","0.0454"
"589","D3CA17","Paramo province","19.7589","0.289"
"590","D3CA18","Chacoan subregion","19.16","60.9503"
"591","D3CA18","Brazilian subregion","8.184","32.0068"
"592","D3CA18","South American Transition Zone","10.5741","7.039"
"593","D3CA18","Chacoan dominion","20.0411","43.4931"
"594","D3CA18","Parana dominion","30.2855","17.4591"
"595","D3CA18","South Brazilian dominion","22.3099","32.0068"
"596","D3CA18","Cerrado province","11.4871","9.758"
"597","D3CA18","Araucaria Forest province","53.7922","4.6258"
"598","D3CA18","Pampean province","5.6849","2.8366"
"599","D3CA18","Chacoan province","63.1225","30.908"
"600","D3CA18","Madeira province","0.5895","0.37"
"601","D3CA18","Rondônia province","44.543","26.3423"
"602","D3CA18","Monte province","0.2759","0.0605"
"603","D3CA18","Parana Forest province","35.8186","12.8344"
"604","D3CA18","Yungas province","40.7503","5.2963"
"605","D3CA18","Puna province","28.8188","6.9785"
"606","D3CA19","Chacoan subregion","29.449","74.6147"
"607","D3CA19","Brazilian subregion","1.7799","5.5442"
"608","D3CA19","Chacoan dominion","21.6403","37.4054"
"609","D3CA19","Parana dominion","81.0437","37.2118"
"610","D3CA19","South Brazilian dominion","4.852","5.5442"
"611","D3CA19","Cerrado province","32.2399","21.8133"
"612","D3CA19","Araucaria Forest province","100","6.8493"
"613","D3CA19","Atlantic province","66.1007","6.9671"
"614","D3CA19","Pampean province","12.2338","4.8619"
"615","D3CA19","Chacoan province","27.533","10.7378"
"616","D3CA19","Rondônia province","11.7703","5.5442"
"617","D3CA19","Parana Forest province","82.0209","23.4081"
"618","D3CA2","Chacoan subregion","61.48","72.7339"
"619","D3CA2","Brazilian subregion","10.5989","15.4156"
"620","D3CA2","South American Transition Zone","0.8673","0.2147"
"621","D3CA2","Chacoan dominion","57.4257","46.3477"
"622","D3CA2","Boreal Brazilian dominion","0.1252","0.0673"
"623","D3CA2","Parana dominion","93.3703","20.0179"
"624","D3CA2","South-eastern Amazonian dominion","39.4261","6.3713"
"625","D3CA2","South Brazilian dominion","28.7668","15.3483"
"626","D3CA2","Caatinga province","68.4057","8.4513"
"627","D3CA2","Cerrado province","90.7808","28.6795"
"628","D3CA2","Pará province","1.1516","0.0673"
"629","D3CA2","Araucaria Forest province","96.4743","3.0854"
"630","D3CA2","Xingu-Tapajós province","39.4261","6.3713"
"631","D3CA2","Atlantic province","83.8448","4.1264"
"632","D3CA2","Pampean province","5.6849","1.0549"
"633","D3CA2","Chacoan province","44.8409","8.1655"
"634","D3CA2","Madeira province","19.677","4.5934"
"635","D3CA2","Rondônia province","45.8029","10.0737"
"636","D3CA2","Parana Forest province","96.1449","12.812"
"637","D3CA2","Yungas province","14.096","0.6813"
"638","D3CA2","Puna province","2.3842","0.2147"
"639","D3CA20","Chacoan subregion","6.6089","16.3052"
"640","D3CA20","Brazilian subregion","26.5109","80.4118"
"641","D3CA20","South American Transition Zone","6.2309","3.2169"
"642","D3CA20","Chacoan dominion","9.0835","15.2886"
"643","D3CA20","South-eastern Amazonian dominion","2.731","0.9204"
"644","D3CA20","South Brazilian dominion","64.5021","71.7691"
"645","D3CA20","Parana dominion","0.2152","0.0962"
"646","D3CA20","Boreal Brazilian dominion","7.7058","8.6434"
"647","D3CA20","Pacific dominion","3e-04","1e-04"
"648","D3CA20","Cerrado province","23.2058","15.2886"
"649","D3CA20","Xingu-Tapajós province","2.731","0.9204"
"650","D3CA20","Madeira province","47.9114","23.3243"
"651","D3CA20","Rondônia province","83.5318","38.3129"
"652","D3CA20","Ucayali province","95.2428","6.3276"
"653","D3CA20","Parana Forest province","0.3462","0.0962"
"654","D3CA20","Yungas province","37.7892","3.8091"
"655","D3CA20","Puna province","12.6979","2.3847"
"656","D3CA20","Desert province","14.0319","0.7659"
"657","D3CA20","Imerí province","10.6623","3.6469"
"658","D3CA20","Napo province","54.7705","4.9965"
"659","D3CA20","Cauca province","0.0018","1e-04"
"660","D3CA20","Paramo province","2.052","0.0665"
"661","D3CA21","Chacoan subregion","13.868","31.4867"
"662","D3CA21","Brazilian subregion","23.1807","64.7046"
"663","D3CA21","Chacoan dominion","2.5221","3.9066"
"664","D3CA21","Boreal Brazilian dominion","15.7193","16.2261"
"665","D3CA21","South-eastern Amazonian dominion","88.9293","27.5804"
"666","D3CA21","South Brazilian dominion","47.3448","48.4785"
"667","D3CA21","Cerrado province","6.4433","3.9066"
"668","D3CA21","Pará province","61.4782","6.9003"
"669","D3CA21","Xingu-Tapajós province","88.9293","27.5804"
"670","D3CA21","Roraima province","35.6391","6.7869"
"671","D3CA21","Guianan Lowlands province","15.4243","2.537"
"672","D3CA21","Madeira province","74.0779","33.1874"
"673","D3CA21","Rondônia province","35.9123","15.1583"
"674","D3CA21","Yungas province","1.4351","0.1331"
"675","D3CA21","Imerí province","0.0062","0.0019"
"676","D3CA22","Chacoan subregion","81.1118","36.3101"
"677","D3CA22","Brazilian subregion","86.6834","47.7062"
"678","D3CA22","South American Transition Zone","43.5005","4.075"
"679","D3CA22","Antillean subregion","0.1654","0.0022"
"680","D3CA22","Chacoan dominion","72.3132","22.0841"
"681","D3CA22","Boreal Brazilian dominion","98.1213","19.9698"
"682","D3CA22","Parana dominion","100","8.1124"
"683","D3CA22","South-eastern Amazonian dominion","100","6.1149"
"684","D3CA22","South Brazilian dominion","99.528","20.0934"
"685","D3CA22","Pacific dominion","85.3767","7.6434"
"686","D3CA22","Caatinga province","89.5801","4.1878"
"687","D3CA22","Cerrado province","100","11.9541"
"688","D3CA22","Pará province","96.0718","2.126"
"689","D3CA22","Araucaria Forest province","100","1.2101"
"690","D3CA22","Xingu-Tapajós province","100","6.1149"
"691","D3CA22","Atlantic province","100","1.8622"
"692","D3CA22","Roraima province","98.021","3.6804"
"693","D3CA22","Guianan Lowlands province","93.1653","3.0213"
"694","D3CA22","Pampean province","20.389","1.4316"
"695","D3CA22","Chacoan province","65.4808","4.512"
"696","D3CA22","Madeira province","100","8.8331"
"697","D3CA22","Rondônia province","100","8.3222"
"698","D3CA22","Ucayali province","100","1.2055"
"699","D3CA22","Parana Forest province","100","5.0423"
"700","D3CA22","Yungas province","94.7899","1.7337"
"701","D3CA22","Puna province","75.3239","2.5667"
"702","D3CA22","Atacaman province","18.8328","0.126"
"703","D3CA22","Desert province","80.2353","0.7946"
"704","D3CA22","Ecuadorian province","92.4734","0.2475"
"705","D3CA22","Western Ecuador province","89.8729","0.3528"
"706","D3CA22","Chocó-Darién province","81.8393","0.3876"
"707","D3CA22","Guajira province","67.6628","0.6791"
"708","D3CA22","Venezuelan province","100","0.6164"
"709","D3CA22","Sabana province","100","2.7606"
"710","D3CA22","Trinidad province","100","0.0285"
"711","D3CA22","Pantepui province","100","3.2811"
"712","D3CA22","Imerí province","100","6.2061"
"713","D3CA22","Magdalena province","98.9233","1.3061"
"714","D3CA22","Napo province","100","1.6552"
"715","D3CA22","Cauca province","98.0295","1.2541"
"716","D3CA22","Paramo province","100","0.5878"
"717","D3CA22","Guatuso-Talamanca province","2.7764","0.0107"
"718","D3CA22","Lesser Antilles province","5.9922","0.0022"
"719","D3CA23","Chacoan subregion","28.8078","80.8136"
"720","D3CA23","Brazilian subregion","0.0232","0.0799"
"721","D3CA23","Chacoan dominion","18.449","35.3074"
"722","D3CA23","Parana dominion","89.524","45.5115"
"723","D3CA23","South Brazilian dominion","0.0632","0.0799"
"724","D3CA23","Caatinga province","16.491","4.8311"
"725","D3CA23","Cerrado province","36.41","27.2753"
"726","D3CA23","Araucaria Forest province","96.4743","7.3161"
"727","D3CA23","Atlantic province","77.7343","9.0715"
"728","D3CA23","Pampean province","5.2489","2.3096"
"729","D3CA23","Chacoan province","2.0645","0.8914"
"730","D3CA23","Rondônia province","0.1533","0.0799"
"731","D3CA23","Parana Forest province","92.2135","29.1377"
"732","D3CA24","Chacoan subregion","3.2056","26.3818"
"733","D3CA24","Brazilian subregion","7.2751","73.609"
"734","D3CA24","South-eastern Amazonian dominion","23.4674","26.3818"
"735","D3CA24","South Brazilian dominion","19.8321","73.609"
"736","D3CA24","Xingu-Tapajós province","23.4674","26.3818"
"737","D3CA24","Madeira province","44.8871","72.8937"
"738","D3CA24","Rondônia province","0.4677","0.7156"
"739","D3CA25","Brazilian subregion","7.632","39.8964"
"740","D3CA25","Mexican Transition Zone","36.0318","10.5522"
"741","D3CA25","Pacific dominion","1.8688","1.5892"
"742","D3CA25","Mesoamerican dominion","72.7709","38.3073"
"743","D3CA25","Puntarenas-Chiriquí province","19.3937","0.6701"
"744","D3CA25","Pacific Lowlands province","49.4963","7.9507"
"745","D3CA25","Transmexican Volcanic Belt province","33.0994","1.4893"
"746","D3CA25","Balsas Basin province","21.0004","0.6983"
"747","D3CA25","Sierra Madre del Sur province","93.3163","3.4513"
"748","D3CA25","Sierra Madre Oriental province","6.2804","0.1139"
"749","D3CA25","Yucatán Peninsula province","99.0595","7.496"
"750","D3CA25","Veracruzan province","86.727","14.9294"
"751","D3CA25","Chiapas Highlands province","100","5.4977"
"752","D3CA25","Guatuso-Talamanca province","25.1348","0.9191"
"753","D3CA25","Mosquito province","85.3843","7.2328"
"754","D3CA26","Chacoan subregion","9.2621","50.4552"
"755","D3CA26","Brazilian subregion","6.0603","40.5868"
"756","D3CA26","Chacoan dominion","2.2572","8.3885"
"757","D3CA26","Boreal Brazilian dominion","14.6762","36.3478"
"758","D3CA26","South-eastern Amazonian dominion","56.5329","42.067"
"759","D3CA26","South Brazilian dominion","1.7254","4.239"
"760","D3CA26","Cerrado province","5.7665","8.3885"
"761","D3CA26","Pará province","61.9103","16.6722"
"762","D3CA26","Xingu-Tapajós province","56.5329","42.067"
"763","D3CA26","Roraima province","43.0627","19.6756"
"764","D3CA26","Madeira province","3.9436","4.239"
"765","D3CA27","Chacoan subregion","27.5811","75.52"
"766","D3CA27","Brazilian subregion","1.6991","5.7195"
"767","D3CA27","South American Transition Zone","21.0913","12.0848"
"768","D3CA27","Parana dominion","19.2262","9.5401"
"769","D3CA27","Chacoan dominion","35.3227","65.9817"
"770","D3CA27","South Brazilian dominion","4.6317","5.7195"
"771","D3CA27","Araucaria Forest province","28.1588","2.0843"
"772","D3CA27","Pampean province","67.0157","28.7821"
"773","D3CA27","Chacoan province","88.264","37.1999"
"774","D3CA27","Rondônia province","4.9466","2.518"
"775","D3CA27","Monte province","25.1165","4.7372"
"776","D3CA27","Prepuna province","9.7624","0.376"
"777","D3CA27","Parana Forest province","24.1745","7.4558"
"778","D3CA27","Yungas province","28.6197","3.2017"
"779","D3CA27","Puna province","33.2612","6.9326"
"780","D3CA27","Atacaman province","0.9623","0.0394"
"781","D3CA28","Brazilian subregion","21.1511","89.8272"
"782","D3CA28","South American Transition Zone","10.34","7.4746"
"783","D3CA28","South Brazilian dominion","27.8782","43.4319"
"784","D3CA28","Pacific dominion","21.7786","15.0458"
"785","D3CA28","Boreal Brazilian dominion","19.9621","31.3511"
"786","D3CA28","Madeira province","12.2188","8.3287"
"787","D3CA28","Rondônia province","33.1084","21.2623"
"788","D3CA28","Ucayali province","98.2573","9.1401"
"789","D3CA28","Yungas province","33.3375","4.7051"
"790","D3CA28","Puna province","11.2086","2.9474"
"791","D3CA28","Desert province","17.9622","1.3728"
"792","D3CA28","Ecuadorian province","54.3367","1.1224"
"793","D3CA28","Chocó-Darién province","51.3733","1.8776"
"794","D3CA28","Sabana province","10.487","2.234"
"795","D3CA28","Imerí province","38.8712","18.616"
"796","D3CA28","Magdalena province","52.708","5.3704"
"797","D3CA28","Napo province","99.7026","12.7351"
"798","D3CA28","Cauca province","44.9993","4.4425"
"799","D3CA28","Paramo province","69.5512","3.1547"
"800","D3CA29","Brazilian subregion","8.3334","75.0827"
"801","D3CA29","South American Transition Zone","0.072","0.1105"
"802","D3CA29","Boreal Brazilian dominion","6.0673","20.2157"
"803","D3CA29","Pacific dominion","37.4375","54.87"
"804","D3CA29","Guianan Lowlands province","0.0282","0.015"
"805","D3CA29","Guajira province","44.6203","7.3316"
"806","D3CA29","Venezuelan province","99.7734","10.069"
"807","D3CA29","Sabana province","82.9094","37.4702"
"808","D3CA29","Pantepui province","33.4902","17.9891"
"809","D3CA29","Imerí province","2.1767","2.2116"
"810","D3CA29","Paramo province","1.1481","0.1105"
"811","D3CA3","Chacoan subregion","9.45","9.38"
"812","D3CA3","Brazilian subregion","63.9883","78.0854"
"813","D3CA3","South American Transition Zone","7.9176","1.6446"
"814","D3CA3","Antillean subregion","0.1654","0.0049"
"815","D3CA3","Chacoan dominion","0.1426","0.0966"
"816","D3CA3","Boreal Brazilian dominion","95.8114","43.2373"
"817","D3CA3","South-eastern Amazonian dominion","68.4689","9.2835"
"818","D3CA3","South Brazilian dominion","54.0118","24.1784"
"819","D3CA3","Pacific dominion","53.7545","10.6707"
"820","D3CA3","Cerrado province","0.3643","0.0966"
"821","D3CA3","Pará province","61.4782","3.0167"
"822","D3CA3","Xingu-Tapajós province","68.4689","9.2835"
"823","D3CA3","Roraima province","100","8.3254"
"824","D3CA3","Guianan Lowlands province","100","7.1907"
"825","D3CA3","Madeira province","82.2186","16.1033"
"826","D3CA3","Rondônia province","26.8932","4.9626"
"827","D3CA3","Ucayali province","96.5755","2.5814"
"828","D3CA3","Yungas province","13.128","0.5324"
"829","D3CA3","Puna province","6.5748","0.4968"
"830","D3CA3","Desert province","7.2277","0.1587"
"831","D3CA3","Ecuadorian province","38.1367","0.2264"
"832","D3CA3","Western Ecuador province","14.6409","0.1275"
"833","D3CA3","Chocó-Darién province","13.7632","0.1445"
"834","D3CA3","Guajira province","23.2699","0.5179"
"835","D3CA3","Venezuelan province","57.905","0.7915"
"836","D3CA3","Sabana province","99.9857","6.1203"
"837","D3CA3","Trinidad province","100","0.0633"
"838","D3CA3","Pantepui province","100","7.2752"
"839","D3CA3","Imerí province","100","13.7611"
"840","D3CA3","Magdalena province","43.0891","1.2615"
"841","D3CA3","Napo province","100","3.6702"
"842","D3CA3","Cauca province","49.9912","1.4181"
"843","D3CA3","Paramo province","75.8969","0.9892"
"844","D3CA3","Lesser Antilles province","5.9922","0.0049"
"845","D3CA30","Brazilian subregion","6.3871","64.2136"
"846","D3CA30","Boreal Brazilian dominion","17.2716","64.2136"
"847","D3CA30","Roraima province","16.7959","11.5203"
"848","D3CA30","Guianan Lowlands province","85.0432","50.3808"
"849","D3CA30","Pantepui province","3.8786","2.3247"
"850","D3CA31","Mexican Transition Zone","50.06","15.7238"
"851","D3CA31","Brazilian subregion","7.0626","39.598"
"852","D3CA31","Mesoamerican dominion","70.1358","39.598"
"853","D3CA31","Sierra Madre Occidental province","9.907","1.4638"
"854","D3CA31","Pacific Lowlands province","58.1283","10.0146"
"855","D3CA31","Transmexican Volcanic Belt province","100","4.8259"
"856","D3CA31","Balsas Basin province","100","3.5665"
"857","D3CA31","Sierra Madre del Sur province","100","3.9667"
"858","D3CA31","Sierra Madre Oriental province","28.7278","0.5588"
"859","D3CA31","Yucatán Peninsula province","99.0595","8.0396"
"860","D3CA31","Veracruzan province","88.2845","16.2998"
"861","D3CA31","Chiapas Highlands province","83.2458","4.9085"
"862","D3CA31","Mosquito province","18.4632","1.6774"
"863","D3CA32","Chacoan subregion","0.2711","0.6637"
"864","D3CA32","Brazilian subregion","28.9301","87.0835"
"865","D3CA32","South American Transition Zone","16.7708","8.5927"
"866","D3CA32","Chacoan dominion","0.3973","0.6637"
"867","D3CA32","South Brazilian dominion","52.4616","57.9291"
"868","D3CA32","Pacific dominion","21.7764","10.6631"
"869","D3CA32","Boreal Brazilian dominion","16.6125","18.4924"
"870","D3CA32","Chacoan province","1.761","0.6637"
"871","D3CA32","Madeira province","25.7034","12.418"
"872","D3CA32","Rondônia province","68.9379","31.3792"
"873","D3CA32","Ucayali province","100","6.5932"
"874","D3CA32","Yungas province","75.408","7.5434"
"875","D3CA32","Puna province","23.5514","4.3895"
"876","D3CA32","Desert province","44.1994","2.3942"
"877","D3CA32","Ecuadorian province","92.4734","1.3539"
"878","D3CA32","Western Ecuador province","89.8729","1.9299"
"879","D3CA32","Chocó-Darién province","13.7632","0.3565"
"880","D3CA32","Sabana province","4.738","0.7154"
"881","D3CA32","Imerí province","27.8074","9.4391"
"882","D3CA32","Magdalena province","15.0016","1.0834"
"883","D3CA32","Napo province","100","9.0533"
"884","D3CA32","Cauca province","74.6623","5.2244"
"885","D3CA32","Paramo province","56.2961","1.8099"
"886","D3CA33","Brazilian subregion","9.0839","31.7138"
"887","D3CA33","Mexican Transition Zone","62.1697","12.1594"
"888","D3CA33","Pacific dominion","5.9089","3.3558"
"889","D3CA33","Mesoamerican dominion","80.6632","28.3581"
"890","D3CA33","Puntarenas-Chiriquí province","84.0919","1.9405"
"891","D3CA33","Sierra Madre Occidental province","22.2592","2.048"
"892","D3CA33","Pacific Lowlands province","76.2376","8.1787"
"893","D3CA33","Transmexican Volcanic Belt province","100","3.005"
"894","D3CA33","Balsas Basin province","100","2.2208"
"895","D3CA33","Sierra Madre del Sur province","100","2.47"
"896","D3CA33","Sierra Madre Oriental province","79.6527","0.9648"
"897","D3CA33","Yucatán Peninsula province","29.3884","1.4852"
"898","D3CA33","Veracruzan province","100","11.4965"
"899","D3CA33","Chiapas Highlands province","100","3.6716"
"900","D3CA33","Guatuso-Talamanca province","57.9895","1.4162"
"901","D3CA33","Mosquito province","87.9733","4.9769"
"902","D3CA4","Chacoan subregion","28.134","77.8525"
"903","D3CA4","Brazilian subregion","2.7473","9.3465"
"904","D3CA4","Chacoan dominion","35.4581","66.9383"
"905","D3CA4","Boreal Brazilian dominion","7.4291","9.3465"
"906","D3CA4","South-eastern Amazonian dominion","0.4469","0.1689"
"907","D3CA4","Parana dominion","21.4343","10.7488"
"908","D3CA4","Caatinga province","98.3474","28.4205"
"909","D3CA4","Cerrado province","52.1253","38.518"
"910","D3CA4","Pará province","68.324","9.3465"
"911","D3CA4","Xingu-Tapajós province","0.4469","0.1689"
"912","D3CA4","Atlantic province","27.5882","3.1758"
"913","D3CA4","Parana Forest province","24.2967","7.5731"
"914","D3CA5","Chacoan subregion","48.9883","69.6326"
"915","D3CA5","Brazilian subregion","2.7473","4.8009"
"916","D3CA5","Chacoan dominion","47.9176","46.4659"
"917","D3CA5","Boreal Brazilian dominion","7.4291","4.8009"
"918","D3CA5","Parana dominion","86.6188","22.3121"
"919","D3CA5","South-eastern Amazonian dominion","4.4149","0.8572"
"920","D3CA5","Caatinga province","100","14.8439"
"921","D3CA5","Cerrado province","78.1828","29.676"
"922","D3CA5","Pará province","68.324","4.8009"
"923","D3CA5","Araucaria Forest province","98.0717","3.7684"
"924","D3CA5","Xingu-Tapajós province","4.4149","0.8572"
"925","D3CA5","Atlantic province","100","5.913"
"926","D3CA5","Pampean province","8.7287","1.9461"
"927","D3CA5","Parana Forest province","78.9341","12.6378"
"928","D3CA6","Brazilian subregion","14.2365","76.3707"
"929","D3CA6","Chacoan subregion","0.2004","0.8742"
"930","D3CA6","Boreal Brazilian dominion","34.9256","69.2853"
"931","D3CA6","South-eastern Amazonian dominion","1.4668","0.8742"
"932","D3CA6","Pacific dominion","8.1217","7.0873"
"933","D3CA6","Pará province","4.1814","0.902"
"934","D3CA6","Xingu-Tapajós province","1.4668","0.8742"
"935","D3CA6","Roraima province","45.7677","16.7502"
"936","D3CA6","Guianan Lowlands province","100","31.6102"
"937","D3CA6","Venezuelan province","23.3338","1.4021"
"938","D3CA6","Sabana province","21.1282","5.6853"
"939","D3CA6","Pantepui province","62.6313","20.0305"
"940","D3CA7","Chacoan subregion","5.1513","9.0384"
"941","D3CA7","Brazilian subregion","36.161","78.0028"
"942","D3CA7","South American Transition Zone","27.992","10.2777"
"943","D3CA7","Chacoan dominion","7.0041","8.3839"
"944","D3CA7","South-eastern Amazonian dominion","2.731","0.6546"
"945","D3CA7","South Brazilian dominion","80.6715","63.835"
"946","D3CA7","Pacific dominion","8.835","3.1002"
"947","D3CA7","Boreal Brazilian dominion","13.8752","11.0683"
"948","D3CA7","Cerrado province","5.3217","2.4934"
"949","D3CA7","Xingu-Tapajós province","2.731","0.6546"
"950","D3CA7","Chacoan province","21.8108","5.8905"
"951","D3CA7","Madeira province","63.3613","21.9366"
"952","D3CA7","Rondônia province","93.1446","30.3826"
"953","D3CA7","Ucayali province","100","4.7248"
"954","D3CA7","Yungas province","94.7895","6.7951"
"955","D3CA7","Puna province","52.0858","6.9566"
"956","D3CA7","Desert province","70.7587","2.7467"
"957","D3CA7","Ecuadorian province","92.4734","0.9702"
"958","D3CA7","Western Ecuador province","14.6409","0.2253"
"959","D3CA7","Imerí province","20.1788","4.9085"
"960","D3CA7","Napo province","94.9457","6.1598"
"961","D3CA7","Cauca province","37.9891","1.9049"
"962","D3CA7","Paramo province","24.9565","0.575"
"963","D3CA8","Brazilian subregion","21.8965","59.1675"
"964","D3CA8","South American Transition Zone","4.2199","1.9409"
"965","D3CA8","Antillean subregion","1.8987","0.1236"
"966","D3CA8","Boreal Brazilian dominion","20.8613","20.8459"
"967","D3CA8","Pacific dominion","83.0551","36.5077"
"968","D3CA8","Mesoamerican dominion","6.6717","1.8154"
"969","D3CA8","Guianan Lowlands province","14.595","2.3239"
"970","D3CA8","Chocó-Darién province","89.9196","2.091"
"971","D3CA8","Guajira province","100","4.9278"
"972","D3CA8","Venezuelan province","100","3.0266"
"973","D3CA8","Sabana province","100","13.5541"
"974","D3CA8","Trinidad province","100","0.1401"
"975","D3CA8","Pantepui province","55.3415","8.9153"
"976","D3CA8","Imerí province","30.1822","9.1969"
"977","D3CA8","Magdalena province","100","6.4828"
"978","D3CA8","Napo province","5.0543","0.4108"
"979","D3CA8","Cauca province","41.5566","2.6103"
"980","D3CA8","Paramo province","67.2536","1.9409"
"981","D3CA8","Puntarenas-Chiriquí province","100","1.786"
"982","D3CA8","Pacific Lowlands province","12.4366","1.0326"
"983","D3CA8","Guatuso-Talamanca province","100","1.8901"
"984","D3CA8","Lesser Antilles province","68.7885","0.1236"
"985","D3CA8","Mosquito province","17.8768","0.7828"
"986","D3CA9","Chacoan subregion","14.1391","8.6392"
"987","D3CA9","Brazilian subregion","88.9439","66.8137"
"988","D3CA9","South American Transition Zone","23.961","3.0637"
"989","D3CA9","Mexican Transition Zone","18.7283","0.7881"
"990","D3CA9","Antillean subregion","0.1654","0.003"
"991","D3CA9","Chacoan dominion","2.9194","1.2169"
"992","D3CA9","Boreal Brazilian dominion","95.8114","26.6158"
"993","D3CA9","South-eastern Amazonian dominion","88.9293","7.4224"
"994","D3CA9","South Brazilian dominion","89.15","24.5663"
"995","D3CA9","Pacific dominion","99.0866","12.1081"
"996","D3CA9","Mesoamerican dominion","46.5896","3.5242"
"997","D3CA9","Cerrado province","6.4433","1.0513"
"998","D3CA9","Pará province","61.4782","1.857"
"999","D3CA9","Xingu-Tapajós province","88.9293","7.4224"
"1000","D3CA9","Roraima province","100","5.1249"
"1001","D3CA9","Guianan Lowlands province","100","4.4264"
"1002","D3CA9","Chacoan province","1.761","0.1656"
"1003","D3CA9","Madeira province","100","12.0566"
"1004","D3CA9","Rondônia province","78.2172","8.8848"
"1005","D3CA9","Ucayali province","100","1.6454"
"1006","D3CA9","Yungas province","79.3429","1.9807"
"1007","D3CA9","Puna province","28.0601","1.3051"
"1008","D3CA9","Desert province","70.7587","0.9565"
"1009","D3CA9","Ecuadorian province","92.4734","0.3379"
"1010","D3CA9","Western Ecuador province","99.9307","0.5355"
"1011","D3CA9","Chocó-Darién province","100","0.6465"
"1012","D3CA9","Guajira province","100","1.3699"
"1013","D3CA9","Venezuelan province","100","0.8414"
"1014","D3CA9","Sabana province","100","3.768"
"1015","D3CA9","Trinidad province","100","0.0389"
"1016","D3CA9","Pantepui province","100","4.4784"
"1017","D3CA9","Imerí province","100","8.471"
"1018","D3CA9","Magdalena province","100","1.8022"
"1019","D3CA9","Napo province","100","2.2593"
"1020","D3CA9","Cauca province","100","1.7462"
"1021","D3CA9","Paramo province","100","0.8023"
"1022","D3CA9","Puntarenas-Chiriquí province","100","0.4965"
"1023","D3CA9","Pacific Lowlands province","34.1641","0.7886"
"1024","D3CA9","Yucatán Peninsula province","40.7558","0.4432"
"1025","D3CA9","Veracruzan province","43.4663","1.0752"
"1026","D3CA9","Chiapas Highlands province","99.7641","0.7881"
"1027","D3CA9","Guatuso-Talamanca province","100","0.5255"
"1028","D3CA9","Lesser Antilles province","5.9922","0.003"
"1029","D3CA9","Mosquito province","100","1.2173"
